salesforce_sync_group,group_label,wordpress_field_key,wordpress_label,wordpress_source_path,wordpress_type,wordpress_domain,member_db_storage,member_db_table_or_source,member_db_admin_tab,default_salesforce_object_key,default_salesforce_object_label,default_salesforce_object_api_name,default_salesforce_external_id_field,default_salesforce_field_api_name,wordpress_to_salesforce_direction,salesforce_to_wordpress_supported,salesforce_to_wordpress_route,reverse_sync_notes,implementation_notes
contact,Contact,member_db_profile_account_info_aaj_pref,"Member Database Profile: Account Info > Aaj Pref",member_db.profile.account_info.aaj_pref,string,member_db_profile_payload,"JSON snapshot in raw_profile",wp_aac_member_db_profiles.raw_profile,Preferences,contact,"Primary Contact",Contact,WordPress_User_ID__c,,"WordPress -> Salesforce",Yes,"POST /wp-json/aac-salesforce-sync/v1/contact","Inbound member matching uses wordpress_user_id, aac_external_key, or email.","No default Salesforce field mapping; available in connector for optional mapping."
contact,Contact,member_db_profile_account_info_acj_pref,"Member Database Profile: Account Info > Acj Pref",member_db.profile.account_info.acj_pref,string,member_db_profile_payload,"JSON snapshot in raw_profile",wp_aac_member_db_profiles.raw_profile,Preferences,contact,"Primary Contact",Contact,WordPress_User_ID__c,,"WordPress -> Salesforce",Yes,"POST /wp-json/aac-salesforce-sync/v1/contact","Inbound member matching uses wordpress_user_id, aac_external_key, or email.","No default Salesforce field mapping; available in connector for optional mapping."
contact,Contact,member_db_profile_account_info_address2,"Member Database Profile: Account Info > Address2",member_db.profile.account_info.address2,string,member_db_profile_payload,"JSON snapshot in raw_profile",wp_aac_member_db_profiles.raw_profile,Profile,contact,"Primary Contact",Contact,WordPress_User_ID__c,,"WordPress -> Salesforce",Yes,"POST /wp-json/aac-salesforce-sync/v1/contact","Inbound member matching uses wordpress_user_id, aac_external_key, or email.","No default Salesforce field mapping; available in connector for optional mapping."
contact,Contact,member_db_profile_account_info_anac_pref,"Member Database Profile: Account Info > Anac Pref",member_db.profile.account_info.anac_pref,string,member_db_profile_payload,"JSON snapshot in raw_profile",wp_aac_member_db_profiles.raw_profile,Preferences,contact,"Primary Contact",Contact,WordPress_User_ID__c,,"WordPress -> Salesforce",Yes,"POST /wp-json/aac-salesforce-sync/v1/contact","Inbound member matching uses wordpress_user_id, aac_external_key, or email.","No default Salesforce field mapping; available in connector for optional mapping."
contact,Contact,member_db_profile_account_info_auto_renew,"Member Database Profile: Account Info > Auto Renew",member_db.profile.account_info.auto_renew,boolean,member_db_profile_payload,"JSON snapshot in raw_profile",wp_aac_member_db_profiles.raw_profile,Preferences,contact,"Primary Contact",Contact,WordPress_User_ID__c,Auto_Renew__c,"WordPress -> Salesforce",Yes,"POST /wp-json/aac-salesforce-sync/v1/contact","Inbound member matching uses wordpress_user_id, aac_external_key, or email.","Mapped by default to both Contact and Membership Term groups in the connector."
contact,Contact,member_db_profile_account_info_birthdate,"Member Database Profile: Account Info > Birthdate",member_db.profile.account_info.birthdate,date,member_db_profile_payload,"JSON snapshot in raw_profile",wp_aac_member_db_profiles.raw_profile,Profile,contact,"Primary Contact",Contact,WordPress_User_ID__c,,"WordPress -> Salesforce",Yes,"POST /wp-json/aac-salesforce-sync/v1/contact","Inbound member matching uses wordpress_user_id, aac_external_key, or email.","No default Salesforce field mapping; available in connector for optional mapping."
contact,Contact,member_db_profile_account_info_city,"Member Database Profile: Account Info > City",member_db.profile.account_info.city,string,member_db_profile_payload,"JSON snapshot in raw_profile",wp_aac_member_db_profiles.raw_profile,Profile,contact,"Primary Contact",Contact,WordPress_User_ID__c,MailingCity,"WordPress -> Salesforce",Yes,"POST /wp-json/aac-salesforce-sync/v1/contact","Inbound member matching uses wordpress_user_id, aac_external_key, or email.",
contact,Contact,member_db_profile_account_info_country,"Member Database Profile: Account Info > Country",member_db.profile.account_info.country,string,member_db_profile_payload,"JSON snapshot in raw_profile",wp_aac_member_db_profiles.raw_profile,Profile,contact,"Primary Contact",Contact,WordPress_User_ID__c,MailingCountry,"WordPress -> Salesforce",Yes,"POST /wp-json/aac-salesforce-sync/v1/contact","Inbound member matching uses wordpress_user_id, aac_external_key, or email.",
contact,Contact,member_db_profile_account_info_do_not_call,"Member Database Profile: Account Info > Do Not Call",member_db.profile.account_info.do_not_call,boolean,member_db_profile_payload,"JSON snapshot in raw_profile",wp_aac_member_db_profiles.raw_profile,Preferences,contact,"Primary Contact",Contact,WordPress_User_ID__c,,"WordPress -> Salesforce",Yes,"POST /wp-json/aac-salesforce-sync/v1/contact","Inbound member matching uses wordpress_user_id, aac_external_key, or email.","No default Salesforce field mapping; available in connector for optional mapping."
contact,Contact,member_db_profile_account_info_do_not_contact,"Member Database Profile: Account Info > Do Not Contact",member_db.profile.account_info.do_not_contact,boolean,member_db_profile_payload,"JSON snapshot in raw_profile",wp_aac_member_db_profiles.raw_profile,Preferences,contact,"Primary Contact",Contact,WordPress_User_ID__c,,"WordPress -> Salesforce",Yes,"POST /wp-json/aac-salesforce-sync/v1/contact","Inbound member matching uses wordpress_user_id, aac_external_key, or email.","No default Salesforce field mapping; available in connector for optional mapping."
contact,Contact,member_db_profile_account_info_email,"Member Database Profile: Account Info > Email",member_db.profile.account_info.email,email,member_db_profile_payload,"JSON snapshot in raw_profile",wp_aac_member_db_profiles.raw_profile,Profile,contact,"Primary Contact",Contact,WordPress_User_ID__c,Email,"WordPress -> Salesforce",Yes,"POST /wp-json/aac-salesforce-sync/v1/contact","Inbound member matching uses wordpress_user_id, aac_external_key, or email.",
contact,Contact,member_db_profile_account_info_email_opt_out,"Member Database Profile: Account Info > Email Opt Out",member_db.profile.account_info.email_opt_out,boolean,member_db_profile_payload,"JSON snapshot in raw_profile",wp_aac_member_db_profiles.raw_profile,Preferences,contact,"Primary Contact",Contact,WordPress_User_ID__c,,"WordPress -> Salesforce",Yes,"POST /wp-json/aac-salesforce-sync/v1/contact","Inbound member matching uses wordpress_user_id, aac_external_key, or email.","No default Salesforce field mapping; available in connector for optional mapping."
contact,Contact,member_db_profile_account_info_first_name,"Member Database Profile: Account Info > First Name",member_db.profile.account_info.first_name,string,member_db_profile_payload,"JSON snapshot in raw_profile",wp_aac_member_db_profiles.raw_profile,Profile,contact,"Primary Contact",Contact,WordPress_User_ID__c,FirstName,"WordPress -> Salesforce",Yes,"POST /wp-json/aac-salesforce-sync/v1/contact","Inbound member matching uses wordpress_user_id, aac_external_key, or email.",
contact,Contact,member_db_profile_account_info_guidebook_pref,"Member Database Profile: Account Info > Guidebook Pref",member_db.profile.account_info.guidebook_pref,string,member_db_profile_payload,"JSON snapshot in raw_profile",wp_aac_member_db_profiles.raw_profile,Preferences,contact,"Primary Contact",Contact,WordPress_User_ID__c,,"WordPress -> Salesforce",Yes,"POST /wp-json/aac-salesforce-sync/v1/contact","Inbound member matching uses wordpress_user_id, aac_external_key, or email.","No default Salesforce field mapping; available in connector for optional mapping."
contact,Contact,member_db_profile_account_info_last_name,"Member Database Profile: Account Info > Last Name",member_db.profile.account_info.last_name,string,member_db_profile_payload,"JSON snapshot in raw_profile",wp_aac_member_db_profiles.raw_profile,Profile,contact,"Primary Contact",Contact,WordPress_User_ID__c,LastName,"WordPress -> Salesforce",Yes,"POST /wp-json/aac-salesforce-sync/v1/contact","Inbound member matching uses wordpress_user_id, aac_external_key, or email.",
contact,Contact,member_db_profile_account_info_membership_discount_type,"Member Database Profile: Account Info > Membership Discount Type",member_db.profile.account_info.membership_discount_type,string,member_db_profile_payload,"JSON snapshot in raw_profile",wp_aac_member_db_profiles.raw_profile,Preferences,contact,"Primary Contact",Contact,WordPress_User_ID__c,,"WordPress -> Salesforce",Yes,"POST /wp-json/aac-salesforce-sync/v1/contact","Inbound member matching uses wordpress_user_id, aac_external_key, or email.","No default Salesforce field mapping; available in connector for optional mapping."
contact,Contact,member_db_profile_account_info_name,"Member Database Profile: Account Info > Name",member_db.profile.account_info.name,string,member_db_profile_payload,"JSON snapshot in raw_profile",wp_aac_member_db_profiles.raw_profile,Profile,contact,"Primary Contact",Contact,WordPress_User_ID__c,,"WordPress -> Salesforce",Yes,"POST /wp-json/aac-salesforce-sync/v1/contact","Inbound member matching uses wordpress_user_id, aac_external_key, or email.","No default Salesforce field mapping; available in connector for optional mapping."
contact,Contact,member_db_profile_account_info_payment_method,"Member Database Profile: Account Info > Payment Method",member_db.profile.account_info.payment_method,string,member_db_profile_payload,"JSON snapshot in raw_profile",wp_aac_member_db_profiles.raw_profile,Preferences,contact,"Primary Contact",Contact,WordPress_User_ID__c,,"WordPress -> Salesforce",Yes,"POST /wp-json/aac-salesforce-sync/v1/contact","Inbound member matching uses wordpress_user_id, aac_external_key, or email.","No default Salesforce field mapping; available in connector for optional mapping."
contact,Contact,member_db_profile_account_info_phone,"Member Database Profile: Account Info > Phone",member_db.profile.account_info.phone,string,member_db_profile_payload,"JSON snapshot in raw_profile",wp_aac_member_db_profiles.raw_profile,Profile,contact,"Primary Contact",Contact,WordPress_User_ID__c,Phone,"WordPress -> Salesforce",Yes,"POST /wp-json/aac-salesforce-sync/v1/contact","Inbound member matching uses wordpress_user_id, aac_external_key, or email.",
contact,Contact,member_db_profile_account_info_phone_type,"Member Database Profile: Account Info > Phone Type",member_db.profile.account_info.phone_type,string,member_db_profile_payload,"JSON snapshot in raw_profile",wp_aac_member_db_profiles.raw_profile,Profile,contact,"Primary Contact",Contact,WordPress_User_ID__c,,"WordPress -> Salesforce",Yes,"POST /wp-json/aac-salesforce-sync/v1/contact","Inbound member matching uses wordpress_user_id, aac_external_key, or email.","No default Salesforce field mapping; available in connector for optional mapping."
contact,Contact,member_db_profile_account_info_photo_url,"Member Database Profile: Account Info > Photo Url",member_db.profile.account_info.photo_url,url,member_db_profile_payload,"JSON snapshot in raw_profile",wp_aac_member_db_profiles.raw_profile,Profile,contact,"Primary Contact",Contact,WordPress_User_ID__c,,"WordPress -> Salesforce",Yes,"POST /wp-json/aac-salesforce-sync/v1/contact","Inbound member matching uses wordpress_user_id, aac_external_key, or email.","No default Salesforce field mapping; available in connector for optional mapping."
contact,Contact,member_db_profile_account_info_publication_pref,"Member Database Profile: Account Info > Publication Pref",member_db.profile.account_info.publication_pref,string,member_db_profile_payload,"JSON snapshot in raw_profile",wp_aac_member_db_profiles.raw_profile,Preferences,contact,"Primary Contact",Contact,WordPress_User_ID__c,,"WordPress -> Salesforce",Yes,"POST /wp-json/aac-salesforce-sync/v1/contact","Inbound member matching uses wordpress_user_id, aac_external_key, or email.","No default Salesforce field mapping; available in connector for optional mapping."
contact,Contact,member_db_profile_account_info_size,"Member Database Profile: Account Info > Size",member_db.profile.account_info.size,string,member_db_profile_payload,"JSON snapshot in raw_profile",wp_aac_member_db_profiles.raw_profile,Preferences,contact,"Primary Contact",Contact,WordPress_User_ID__c,,"WordPress -> Salesforce",Yes,"POST /wp-json/aac-salesforce-sync/v1/contact","Inbound member matching uses wordpress_user_id, aac_external_key, or email.","No default Salesforce field mapping; available in connector for optional mapping."
contact,Contact,member_db_profile_account_info_state,"Member Database Profile: Account Info > State",member_db.profile.account_info.state,string,member_db_profile_payload,"JSON snapshot in raw_profile",wp_aac_member_db_profiles.raw_profile,Profile,contact,"Primary Contact",Contact,WordPress_User_ID__c,MailingState,"WordPress -> Salesforce",Yes,"POST /wp-json/aac-salesforce-sync/v1/contact","Inbound member matching uses wordpress_user_id, aac_external_key, or email.",
contact,Contact,member_db_profile_account_info_street,"Member Database Profile: Account Info > Street",member_db.profile.account_info.street,string,member_db_profile_payload,"JSON snapshot in raw_profile",wp_aac_member_db_profiles.raw_profile,Profile,contact,"Primary Contact",Contact,WordPress_User_ID__c,MailingStreet,"WordPress -> Salesforce",Yes,"POST /wp-json/aac-salesforce-sync/v1/contact","Inbound member matching uses wordpress_user_id, aac_external_key, or email.",
contact,Contact,member_db_profile_account_info_zip,"Member Database Profile: Account Info > Zip",member_db.profile.account_info.zip,string,member_db_profile_payload,"JSON snapshot in raw_profile",wp_aac_member_db_profiles.raw_profile,Profile,contact,"Primary Contact",Contact,WordPress_User_ID__c,MailingPostalCode,"WordPress -> Salesforce",Yes,"POST /wp-json/aac-salesforce-sync/v1/contact","Inbound member matching uses wordpress_user_id, aac_external_key, or email.",
contact,Contact,member_db_profile_account_role,"Member Database Profile: Account Role",member_db.profile_row.account_role,string,member_db_profile_row,"Mirror table column",wp_aac_member_db_profiles,Profile,contact,"Primary Contact",Contact,WordPress_User_ID__c,AAC_Family_Account_Role__c,"WordPress -> Salesforce",Yes,"POST /wp-json/aac-salesforce-sync/v1/contact","Inbound member matching uses wordpress_user_id, aac_external_key, or email.",
contact,Contact,member_db_profile_benefits_info_medical_amount,"Member Database Profile: Benefits Info > Medical Amount",member_db.profile.benefits_info.medical_amount,decimal,member_db_profile_payload,"JSON snapshot in raw_profile",wp_aac_member_db_profiles.raw_profile,Preferences,contact,"Primary Contact",Contact,WordPress_User_ID__c,,"WordPress -> Salesforce",Yes,"POST /wp-json/aac-salesforce-sync/v1/contact","Inbound member matching uses wordpress_user_id, aac_external_key, or email.","No default Salesforce field mapping; available in connector for optional mapping."
contact,Contact,member_db_profile_benefits_info_mortal_remains_amount,"Member Database Profile: Benefits Info > Mortal Remains Amount",member_db.profile.benefits_info.mortal_remains_amount,decimal,member_db_profile_payload,"JSON snapshot in raw_profile",wp_aac_member_db_profiles.raw_profile,Preferences,contact,"Primary Contact",Contact,WordPress_User_ID__c,,"WordPress -> Salesforce",Yes,"POST /wp-json/aac-salesforce-sync/v1/contact","Inbound member matching uses wordpress_user_id, aac_external_key, or email.","No default Salesforce field mapping; available in connector for optional mapping."
contact,Contact,member_db_profile_benefits_info_rescue_amount,"Member Database Profile: Benefits Info > Rescue Amount",member_db.profile.benefits_info.rescue_amount,decimal,member_db_profile_payload,"JSON snapshot in raw_profile",wp_aac_member_db_profiles.raw_profile,Preferences,contact,"Primary Contact",Contact,WordPress_User_ID__c,,"WordPress -> Salesforce",Yes,"POST /wp-json/aac-salesforce-sync/v1/contact","Inbound member matching uses wordpress_user_id, aac_external_key, or email.","No default Salesforce field mapping; available in connector for optional mapping."
contact,Contact,member_db_profile_benefits_info_rescue_reimbursement_process,"Member Database Profile: Benefits Info > Rescue Reimbursement Process",member_db.profile.benefits_info.rescue_reimbursement_process,boolean,member_db_profile_payload,"JSON snapshot in raw_profile",wp_aac_member_db_profiles.raw_profile,Preferences,contact,"Primary Contact",Contact,WordPress_User_ID__c,,"WordPress -> Salesforce",Yes,"POST /wp-json/aac-salesforce-sync/v1/contact","Inbound member matching uses wordpress_user_id, aac_external_key, or email.","No default Salesforce field mapping; available in connector for optional mapping."
contact,Contact,member_db_profile_display_name,"Member Database Profile: Display Name",member_db.profile_row.display_name,string,member_db_profile_row,"Mirror table column",wp_aac_member_db_profiles,Profile,contact,"Primary Contact",Contact,WordPress_User_ID__c,,"WordPress -> Salesforce",Yes,"POST /wp-json/aac-salesforce-sync/v1/contact","Inbound member matching uses wordpress_user_id, aac_external_key, or email.","No default Salesforce field mapping; available in connector for optional mapping."
contact,Contact,member_db_profile_email,"Member Database Profile: Email",member_db.profile_row.email,email,member_db_profile_row,"Mirror table column",wp_aac_member_db_profiles,Profile,contact,"Primary Contact",Contact,WordPress_User_ID__c,,"WordPress -> Salesforce",Yes,"POST /wp-json/aac-salesforce-sync/v1/contact","Inbound member matching uses wordpress_user_id, aac_external_key, or email.","No default Salesforce field mapping; available in connector for optional mapping."
contact,Contact,member_db_profile_expiration_date,"Member Database Profile: Expiration Date",member_db.profile_row.expiration_date,date,member_db_profile_row,"Mirror table column",wp_aac_member_db_profiles,Profile,contact,"Primary Contact",Contact,WordPress_User_ID__c,,"WordPress -> Salesforce",Yes,"POST /wp-json/aac-salesforce-sync/v1/contact","Inbound member matching uses wordpress_user_id, aac_external_key, or email.","No default Salesforce field mapping; available in connector for optional mapping."
contact,Contact,member_db_profile_family_membership_additional_adult,"Member Database Profile: Family Membership > Additional Adult",member_db.profile.family_membership.additional_adult,boolean,member_db_profile_payload,"JSON snapshot in raw_profile",wp_aac_member_db_profiles.raw_profile,Preferences,contact,"Primary Contact",Contact,WordPress_User_ID__c,,"WordPress -> Salesforce",Yes,"POST /wp-json/aac-salesforce-sync/v1/contact","Inbound member matching uses wordpress_user_id, aac_external_key, or email.","No default Salesforce field mapping; available in connector for optional mapping."
contact,Contact,member_db_profile_family_membership_dependent_count,"Member Database Profile: Family Membership > Dependent Count",member_db.profile.family_membership.dependent_count,integer,member_db_profile_payload,"JSON snapshot in raw_profile",wp_aac_member_db_profiles.raw_profile,Preferences,contact,"Primary Contact",Contact,WordPress_User_ID__c,,"WordPress -> Salesforce",Yes,"POST /wp-json/aac-salesforce-sync/v1/contact","Inbound member matching uses wordpress_user_id, aac_external_key, or email.","No default Salesforce field mapping; available in connector for optional mapping."
contact,Contact,member_db_profile_family_membership_mode,"Member Database Profile: Family Membership > Mode",member_db.profile.family_membership.mode,string,member_db_profile_payload,"JSON snapshot in raw_profile",wp_aac_member_db_profiles.raw_profile,Preferences,contact,"Primary Contact",Contact,WordPress_User_ID__c,,"WordPress -> Salesforce",Yes,"POST /wp-json/aac-salesforce-sync/v1/contact","Inbound member matching uses wordpress_user_id, aac_external_key, or email.","No default Salesforce field mapping; available in connector for optional mapping."
contact,Contact,member_db_profile_linked_parent_account_name,"Member Database Profile: Linked Parent Account > Name",member_db.profile.linked_parent_account.name,string,member_db_profile_payload,"JSON snapshot in raw_profile",wp_aac_member_db_profiles.raw_profile,Preferences,contact,"Primary Contact",Contact,WordPress_User_ID__c,,"WordPress -> Salesforce",Yes,"POST /wp-json/aac-salesforce-sync/v1/contact","Inbound member matching uses wordpress_user_id, aac_external_key, or email.","No default Salesforce field mapping; available in connector for optional mapping."
contact,Contact,member_db_profile_member_id,"Member Database Profile: Member Id",member_db.profile_row.member_id,string,member_db_profile_row,"Mirror table column",wp_aac_member_db_profiles,Profile,contact,"Primary Contact",Contact,WordPress_User_ID__c,AAC_Member_ID__c,"WordPress -> Salesforce",Yes,"POST /wp-json/aac-salesforce-sync/v1/contact","Inbound member matching uses wordpress_user_id, aac_external_key, or email.",
contact,Contact,member_db_profile_membership_level,"Member Database Profile: Membership Level",member_db.profile_row.membership_level,string,member_db_profile_row,"Mirror table column",wp_aac_member_db_profiles,Profile,contact,"Primary Contact",Contact,WordPress_User_ID__c,,"WordPress -> Salesforce",Yes,"POST /wp-json/aac-salesforce-sync/v1/contact","Inbound member matching uses wordpress_user_id, aac_external_key, or email.","No default Salesforce field mapping; available in connector for optional mapping."
contact,Contact,member_db_profile_membership_status,"Member Database Profile: Membership Status",member_db.profile_row.membership_status,string,member_db_profile_row,"Mirror table column",wp_aac_member_db_profiles,Profile,contact,"Primary Contact",Contact,WordPress_User_ID__c,,"WordPress -> Salesforce",Yes,"POST /wp-json/aac-salesforce-sync/v1/contact","Inbound member matching uses wordpress_user_id, aac_external_key, or email.","No default Salesforce field mapping; available in connector for optional mapping."
contact,Contact,member_db_profile_profile_info_joined_date,"Member Database Profile: Profile Info > Joined Date",member_db.profile.profile_info.joined_date,date,member_db_profile_payload,"JSON snapshot in raw_profile",wp_aac_member_db_profiles.raw_profile,Profile,contact,"Primary Contact",Contact,WordPress_User_ID__c,,"WordPress -> Salesforce",Yes,"POST /wp-json/aac-salesforce-sync/v1/contact","Inbound member matching uses wordpress_user_id, aac_external_key, or email.","No default Salesforce field mapping; available in connector for optional mapping."
contact,Contact,member_db_profile_profile_info_member_id,"Member Database Profile: Profile Info > Member Id",member_db.profile.profile_info.member_id,string,member_db_profile_payload,"JSON snapshot in raw_profile",wp_aac_member_db_profiles.raw_profile,Profile,contact,"Primary Contact",Contact,WordPress_User_ID__c,,"WordPress -> Salesforce",Yes,"POST /wp-json/aac-salesforce-sync/v1/contact","Inbound member matching uses wordpress_user_id, aac_external_key, or email.","No default Salesforce field mapping; available in connector for optional mapping."
contact,Contact,member_db_profile_renewal_date,"Member Database Profile: Renewal Date",member_db.profile_row.renewal_date,date,member_db_profile_row,"Mirror table column",wp_aac_member_db_profiles,Profile,contact,"Primary Contact",Contact,WordPress_User_ID__c,,"WordPress -> Salesforce",Yes,"POST /wp-json/aac-salesforce-sync/v1/contact","Inbound member matching uses wordpress_user_id, aac_external_key, or email.","No default Salesforce field mapping; available in connector for optional mapping."
contact,Contact,member_db_profile_user_id,"Member Database Profile: User Id",member_db.profile_row.user_id,integer,member_db_profile_row,"Mirror table column",wp_aac_member_db_profiles,Profile,contact,"Primary Contact",Contact,WordPress_User_ID__c,WordPress_User_ID__c,"WordPress -> Salesforce",Yes,"POST /wp-json/aac-salesforce-sync/v1/contact","Inbound member matching uses wordpress_user_id, aac_external_key, or email.",
membership,"Membership Term",member_db_membership_record_billing_amount,"Member Database Membership Record: Billing Amount",member_db.membership_record.billing_amount,decimal,member_db_membership_history,"JSON snapshot in raw_record",wp_aac_member_db_history.raw_record,"Membership History",membership,"Primary Membership Term",Membership_Term__c,AAC_External_Key__c,,"WordPress -> Salesforce",Yes,"POST /wp-json/aac-salesforce-sync/v1/membership","Inbound member matching uses wordpress_user_id, aac_external_key, or email.","No default Salesforce field mapping; available in connector for optional mapping. Membership Term sync also uses the two newest mirrored history rows to populate Previous_Term__c and Superseded_By__c."
membership,"Membership Term",member_db_membership_record_billing_limit,"Member Database Membership Record: Billing Limit",member_db.membership_record.billing_limit,integer,member_db_membership_history,"JSON snapshot in raw_record",wp_aac_member_db_history.raw_record,"Membership History",membership,"Primary Membership Term",Membership_Term__c,AAC_External_Key__c,,"WordPress -> Salesforce",Yes,"POST /wp-json/aac-salesforce-sync/v1/membership","Inbound member matching uses wordpress_user_id, aac_external_key, or email.","No default Salesforce field mapping; available in connector for optional mapping. Membership Term sync also uses the two newest mirrored history rows to populate Previous_Term__c and Superseded_By__c."
membership,"Membership Term",member_db_membership_record_cycle_number,"Member Database Membership Record: Cycle Number",member_db.membership_record.cycle_number,integer,member_db_membership_history,"JSON snapshot in raw_record",wp_aac_member_db_history.raw_record,"Membership History",membership,"Primary Membership Term",Membership_Term__c,AAC_External_Key__c,,"WordPress -> Salesforce",Yes,"POST /wp-json/aac-salesforce-sync/v1/membership","Inbound member matching uses wordpress_user_id, aac_external_key, or email.","No default Salesforce field mapping; available in connector for optional mapping. Membership Term sync also uses the two newest mirrored history rows to populate Previous_Term__c and Superseded_By__c."
membership,"Membership Term",member_db_membership_record_cycle_period,"Member Database Membership Record: Cycle Period",member_db.membership_record.cycle_period,string,member_db_membership_history,"JSON snapshot in raw_record",wp_aac_member_db_history.raw_record,"Membership History",membership,"Primary Membership Term",Membership_Term__c,AAC_External_Key__c,,"WordPress -> Salesforce",Yes,"POST /wp-json/aac-salesforce-sync/v1/membership","Inbound member matching uses wordpress_user_id, aac_external_key, or email.","No default Salesforce field mapping; available in connector for optional mapping. Membership Term sync also uses the two newest mirrored history rows to populate Previous_Term__c and Superseded_By__c."
membership,"Membership Term",member_db_membership_record_enddate,"Member Database Membership Record: Enddate",member_db.membership_record.enddate,datetime,member_db_membership_history,"JSON snapshot in raw_record",wp_aac_member_db_history.raw_record,"Membership History",membership,"Primary Membership Term",Membership_Term__c,AAC_External_Key__c,,"WordPress -> Salesforce",Yes,"POST /wp-json/aac-salesforce-sync/v1/membership","Inbound member matching uses wordpress_user_id, aac_external_key, or email.","No default Salesforce field mapping; available in connector for optional mapping. Membership Term sync also uses the two newest mirrored history rows to populate Previous_Term__c and Superseded_By__c."
membership,"Membership Term",member_db_membership_record_id,"Member Database Membership Record: Id",member_db.membership_record.id,integer,member_db_membership_history,"JSON snapshot in raw_record",wp_aac_member_db_history.raw_record,"Membership History",membership,"Primary Membership Term",Membership_Term__c,AAC_External_Key__c,,"WordPress -> Salesforce",Yes,"POST /wp-json/aac-salesforce-sync/v1/membership","Inbound member matching uses wordpress_user_id, aac_external_key, or email.","No default Salesforce field mapping; available in connector for optional mapping. Membership Term sync also uses the two newest mirrored history rows to populate Previous_Term__c and Superseded_By__c."
membership,"Membership Term",member_db_membership_record_initial_payment,"Member Database Membership Record: Initial Payment",member_db.membership_record.initial_payment,decimal,member_db_membership_history,"JSON snapshot in raw_record",wp_aac_member_db_history.raw_record,"Membership History",membership,"Primary Membership Term",Membership_Term__c,AAC_External_Key__c,,"WordPress -> Salesforce",Yes,"POST /wp-json/aac-salesforce-sync/v1/membership","Inbound member matching uses wordpress_user_id, aac_external_key, or email.","No default Salesforce field mapping; available in connector for optional mapping. Membership Term sync also uses the two newest mirrored history rows to populate Previous_Term__c and Superseded_By__c."
membership,"Membership Term",member_db_membership_record_membership_id,"Member Database Membership Record: Membership Id",member_db.membership_record.membership_id,integer,member_db_membership_history,"JSON snapshot in raw_record",wp_aac_member_db_history.raw_record,"Membership History",membership,"Primary Membership Term",Membership_Term__c,AAC_External_Key__c,PMPro_Level_ID__c,"WordPress -> Salesforce",Yes,"POST /wp-json/aac-salesforce-sync/v1/membership","Inbound member matching uses wordpress_user_id, aac_external_key, or email.","Membership Term sync also uses the two newest mirrored history rows to populate Previous_Term__c and Superseded_By__c."
membership,"Membership Term",member_db_membership_record_modified,"Member Database Membership Record: Modified",member_db.membership_record.modified,datetime,member_db_membership_history,"JSON snapshot in raw_record",wp_aac_member_db_history.raw_record,"Membership History",membership,"Primary Membership Term",Membership_Term__c,AAC_External_Key__c,,"WordPress -> Salesforce",Yes,"POST /wp-json/aac-salesforce-sync/v1/membership","Inbound member matching uses wordpress_user_id, aac_external_key, or email.","No default Salesforce field mapping; available in connector for optional mapping. Membership Term sync also uses the two newest mirrored history rows to populate Previous_Term__c and Superseded_By__c."
membership,"Membership Term",member_db_membership_record_startdate,"Member Database Membership Record: Startdate",member_db.membership_record.startdate,datetime,member_db_membership_history,"JSON snapshot in raw_record",wp_aac_member_db_history.raw_record,"Membership History",membership,"Primary Membership Term",Membership_Term__c,AAC_External_Key__c,Start_Date__c,"WordPress -> Salesforce",Yes,"POST /wp-json/aac-salesforce-sync/v1/membership","Inbound member matching uses wordpress_user_id, aac_external_key, or email.","Membership Term sync also uses the two newest mirrored history rows to populate Previous_Term__c and Superseded_By__c."
membership,"Membership Term",member_db_membership_record_status,"Member Database Membership Record: Status",member_db.membership_record.status,string,member_db_membership_history,"JSON snapshot in raw_record",wp_aac_member_db_history.raw_record,"Membership History",membership,"Primary Membership Term",Membership_Term__c,AAC_External_Key__c,,"WordPress -> Salesforce",Yes,"POST /wp-json/aac-salesforce-sync/v1/membership","Inbound member matching uses wordpress_user_id, aac_external_key, or email.","No default Salesforce field mapping; available in connector for optional mapping. Membership Term sync also uses the two newest mirrored history rows to populate Previous_Term__c and Superseded_By__c."
membership,"Membership Term",member_db_membership_record_trial_amount,"Member Database Membership Record: Trial Amount",member_db.membership_record.trial_amount,decimal,member_db_membership_history,"JSON snapshot in raw_record",wp_aac_member_db_history.raw_record,"Membership History",membership,"Primary Membership Term",Membership_Term__c,AAC_External_Key__c,,"WordPress -> Salesforce",Yes,"POST /wp-json/aac-salesforce-sync/v1/membership","Inbound member matching uses wordpress_user_id, aac_external_key, or email.","No default Salesforce field mapping; available in connector for optional mapping. Membership Term sync also uses the two newest mirrored history rows to populate Previous_Term__c and Superseded_By__c."
membership,"Membership Term",member_db_membership_record_trial_limit,"Member Database Membership Record: Trial Limit",member_db.membership_record.trial_limit,integer,member_db_membership_history,"JSON snapshot in raw_record",wp_aac_member_db_history.raw_record,"Membership History",membership,"Primary Membership Term",Membership_Term__c,AAC_External_Key__c,,"WordPress -> Salesforce",Yes,"POST /wp-json/aac-salesforce-sync/v1/membership","Inbound member matching uses wordpress_user_id, aac_external_key, or email.","No default Salesforce field mapping; available in connector for optional mapping. Membership Term sync also uses the two newest mirrored history rows to populate Previous_Term__c and Superseded_By__c."
membership,"Membership Term",member_db_profile_account_info_aaj_pref,"Member Database Profile: Account Info > Aaj Pref",member_db.profile.account_info.aaj_pref,string,member_db_profile_payload,"JSON snapshot in raw_profile",wp_aac_member_db_profiles.raw_profile,Preferences,membership,"Primary Membership Term",Membership_Term__c,AAC_External_Key__c,,"WordPress -> Salesforce",Yes,"POST /wp-json/aac-salesforce-sync/v1/membership","Inbound member matching uses wordpress_user_id, aac_external_key, or email.","No default Salesforce field mapping; available in connector for optional mapping."
membership,"Membership Term",member_db_profile_account_info_acj_pref,"Member Database Profile: Account Info > Acj Pref",member_db.profile.account_info.acj_pref,string,member_db_profile_payload,"JSON snapshot in raw_profile",wp_aac_member_db_profiles.raw_profile,Preferences,membership,"Primary Membership Term",Membership_Term__c,AAC_External_Key__c,,"WordPress -> Salesforce",Yes,"POST /wp-json/aac-salesforce-sync/v1/membership","Inbound member matching uses wordpress_user_id, aac_external_key, or email.","No default Salesforce field mapping; available in connector for optional mapping."
membership,"Membership Term",member_db_profile_account_info_address2,"Member Database Profile: Account Info > Address2",member_db.profile.account_info.address2,string,member_db_profile_payload,"JSON snapshot in raw_profile",wp_aac_member_db_profiles.raw_profile,Profile,membership,"Primary Membership Term",Membership_Term__c,AAC_External_Key__c,,"WordPress -> Salesforce",Yes,"POST /wp-json/aac-salesforce-sync/v1/membership","Inbound member matching uses wordpress_user_id, aac_external_key, or email.","No default Salesforce field mapping; available in connector for optional mapping."
membership,"Membership Term",member_db_profile_account_info_anac_pref,"Member Database Profile: Account Info > Anac Pref",member_db.profile.account_info.anac_pref,string,member_db_profile_payload,"JSON snapshot in raw_profile",wp_aac_member_db_profiles.raw_profile,Preferences,membership,"Primary Membership Term",Membership_Term__c,AAC_External_Key__c,,"WordPress -> Salesforce",Yes,"POST /wp-json/aac-salesforce-sync/v1/membership","Inbound member matching uses wordpress_user_id, aac_external_key, or email.","No default Salesforce field mapping; available in connector for optional mapping."
membership,"Membership Term",member_db_profile_account_info_auto_renew,"Member Database Profile: Account Info > Auto Renew",member_db.profile.account_info.auto_renew,boolean,member_db_profile_payload,"JSON snapshot in raw_profile",wp_aac_member_db_profiles.raw_profile,Preferences,membership,"Primary Membership Term",Membership_Term__c,AAC_External_Key__c,Auto_Renew__c,"WordPress -> Salesforce",Yes,"POST /wp-json/aac-salesforce-sync/v1/membership","Inbound member matching uses wordpress_user_id, aac_external_key, or email.","Mapped by default to both Contact and Membership Term groups in the connector."
membership,"Membership Term",member_db_profile_account_info_birthdate,"Member Database Profile: Account Info > Birthdate",member_db.profile.account_info.birthdate,date,member_db_profile_payload,"JSON snapshot in raw_profile",wp_aac_member_db_profiles.raw_profile,Profile,membership,"Primary Membership Term",Membership_Term__c,AAC_External_Key__c,,"WordPress -> Salesforce",Yes,"POST /wp-json/aac-salesforce-sync/v1/membership","Inbound member matching uses wordpress_user_id, aac_external_key, or email.","No default Salesforce field mapping; available in connector for optional mapping."
membership,"Membership Term",member_db_profile_account_info_city,"Member Database Profile: Account Info > City",member_db.profile.account_info.city,string,member_db_profile_payload,"JSON snapshot in raw_profile",wp_aac_member_db_profiles.raw_profile,Profile,membership,"Primary Membership Term",Membership_Term__c,AAC_External_Key__c,,"WordPress -> Salesforce",Yes,"POST /wp-json/aac-salesforce-sync/v1/membership","Inbound member matching uses wordpress_user_id, aac_external_key, or email.","No default Salesforce field mapping; available in connector for optional mapping."
membership,"Membership Term",member_db_profile_account_info_country,"Member Database Profile: Account Info > Country",member_db.profile.account_info.country,string,member_db_profile_payload,"JSON snapshot in raw_profile",wp_aac_member_db_profiles.raw_profile,Profile,membership,"Primary Membership Term",Membership_Term__c,AAC_External_Key__c,,"WordPress -> Salesforce",Yes,"POST /wp-json/aac-salesforce-sync/v1/membership","Inbound member matching uses wordpress_user_id, aac_external_key, or email.","No default Salesforce field mapping; available in connector for optional mapping."
membership,"Membership Term",member_db_profile_account_info_do_not_call,"Member Database Profile: Account Info > Do Not Call",member_db.profile.account_info.do_not_call,boolean,member_db_profile_payload,"JSON snapshot in raw_profile",wp_aac_member_db_profiles.raw_profile,Preferences,membership,"Primary Membership Term",Membership_Term__c,AAC_External_Key__c,,"WordPress -> Salesforce",Yes,"POST /wp-json/aac-salesforce-sync/v1/membership","Inbound member matching uses wordpress_user_id, aac_external_key, or email.","No default Salesforce field mapping; available in connector for optional mapping."
membership,"Membership Term",member_db_profile_account_info_do_not_contact,"Member Database Profile: Account Info > Do Not Contact",member_db.profile.account_info.do_not_contact,boolean,member_db_profile_payload,"JSON snapshot in raw_profile",wp_aac_member_db_profiles.raw_profile,Preferences,membership,"Primary Membership Term",Membership_Term__c,AAC_External_Key__c,,"WordPress -> Salesforce",Yes,"POST /wp-json/aac-salesforce-sync/v1/membership","Inbound member matching uses wordpress_user_id, aac_external_key, or email.","No default Salesforce field mapping; available in connector for optional mapping."
membership,"Membership Term",member_db_profile_account_info_email,"Member Database Profile: Account Info > Email",member_db.profile.account_info.email,email,member_db_profile_payload,"JSON snapshot in raw_profile",wp_aac_member_db_profiles.raw_profile,Profile,membership,"Primary Membership Term",Membership_Term__c,AAC_External_Key__c,,"WordPress -> Salesforce",Yes,"POST /wp-json/aac-salesforce-sync/v1/membership","Inbound member matching uses wordpress_user_id, aac_external_key, or email.","No default Salesforce field mapping; available in connector for optional mapping."
membership,"Membership Term",member_db_profile_account_info_email_opt_out,"Member Database Profile: Account Info > Email Opt Out",member_db.profile.account_info.email_opt_out,boolean,member_db_profile_payload,"JSON snapshot in raw_profile",wp_aac_member_db_profiles.raw_profile,Preferences,membership,"Primary Membership Term",Membership_Term__c,AAC_External_Key__c,,"WordPress -> Salesforce",Yes,"POST /wp-json/aac-salesforce-sync/v1/membership","Inbound member matching uses wordpress_user_id, aac_external_key, or email.","No default Salesforce field mapping; available in connector for optional mapping."
membership,"Membership Term",member_db_profile_account_info_first_name,"Member Database Profile: Account Info > First Name",member_db.profile.account_info.first_name,string,member_db_profile_payload,"JSON snapshot in raw_profile",wp_aac_member_db_profiles.raw_profile,Profile,membership,"Primary Membership Term",Membership_Term__c,AAC_External_Key__c,,"WordPress -> Salesforce",Yes,"POST /wp-json/aac-salesforce-sync/v1/membership","Inbound member matching uses wordpress_user_id, aac_external_key, or email.","No default Salesforce field mapping; available in connector for optional mapping."
membership,"Membership Term",member_db_profile_account_info_guidebook_pref,"Member Database Profile: Account Info > Guidebook Pref",member_db.profile.account_info.guidebook_pref,string,member_db_profile_payload,"JSON snapshot in raw_profile",wp_aac_member_db_profiles.raw_profile,Preferences,membership,"Primary Membership Term",Membership_Term__c,AAC_External_Key__c,,"WordPress -> Salesforce",Yes,"POST /wp-json/aac-salesforce-sync/v1/membership","Inbound member matching uses wordpress_user_id, aac_external_key, or email.","No default Salesforce field mapping; available in connector for optional mapping."
membership,"Membership Term",member_db_profile_account_info_last_name,"Member Database Profile: Account Info > Last Name",member_db.profile.account_info.last_name,string,member_db_profile_payload,"JSON snapshot in raw_profile",wp_aac_member_db_profiles.raw_profile,Profile,membership,"Primary Membership Term",Membership_Term__c,AAC_External_Key__c,,"WordPress -> Salesforce",Yes,"POST /wp-json/aac-salesforce-sync/v1/membership","Inbound member matching uses wordpress_user_id, aac_external_key, or email.","No default Salesforce field mapping; available in connector for optional mapping."
membership,"Membership Term",member_db_profile_account_info_membership_discount_type,"Member Database Profile: Account Info > Membership Discount Type",member_db.profile.account_info.membership_discount_type,string,member_db_profile_payload,"JSON snapshot in raw_profile",wp_aac_member_db_profiles.raw_profile,Preferences,membership,"Primary Membership Term",Membership_Term__c,AAC_External_Key__c,Discount_Group__c,"WordPress -> Salesforce",Yes,"POST /wp-json/aac-salesforce-sync/v1/membership","Inbound member matching uses wordpress_user_id, aac_external_key, or email.",
membership,"Membership Term",member_db_profile_account_info_name,"Member Database Profile: Account Info > Name",member_db.profile.account_info.name,string,member_db_profile_payload,"JSON snapshot in raw_profile",wp_aac_member_db_profiles.raw_profile,Profile,membership,"Primary Membership Term",Membership_Term__c,AAC_External_Key__c,,"WordPress -> Salesforce",Yes,"POST /wp-json/aac-salesforce-sync/v1/membership","Inbound member matching uses wordpress_user_id, aac_external_key, or email.","No default Salesforce field mapping; available in connector for optional mapping."
membership,"Membership Term",member_db_profile_account_info_payment_method,"Member Database Profile: Account Info > Payment Method",member_db.profile.account_info.payment_method,string,member_db_profile_payload,"JSON snapshot in raw_profile",wp_aac_member_db_profiles.raw_profile,Preferences,membership,"Primary Membership Term",Membership_Term__c,AAC_External_Key__c,,"WordPress -> Salesforce",Yes,"POST /wp-json/aac-salesforce-sync/v1/membership","Inbound member matching uses wordpress_user_id, aac_external_key, or email.","No default Salesforce field mapping; available in connector for optional mapping."
membership,"Membership Term",member_db_profile_account_info_phone,"Member Database Profile: Account Info > Phone",member_db.profile.account_info.phone,string,member_db_profile_payload,"JSON snapshot in raw_profile",wp_aac_member_db_profiles.raw_profile,Profile,membership,"Primary Membership Term",Membership_Term__c,AAC_External_Key__c,,"WordPress -> Salesforce",Yes,"POST /wp-json/aac-salesforce-sync/v1/membership","Inbound member matching uses wordpress_user_id, aac_external_key, or email.","No default Salesforce field mapping; available in connector for optional mapping."
membership,"Membership Term",member_db_profile_account_info_phone_type,"Member Database Profile: Account Info > Phone Type",member_db.profile.account_info.phone_type,string,member_db_profile_payload,"JSON snapshot in raw_profile",wp_aac_member_db_profiles.raw_profile,Profile,membership,"Primary Membership Term",Membership_Term__c,AAC_External_Key__c,,"WordPress -> Salesforce",Yes,"POST /wp-json/aac-salesforce-sync/v1/membership","Inbound member matching uses wordpress_user_id, aac_external_key, or email.","No default Salesforce field mapping; available in connector for optional mapping."
membership,"Membership Term",member_db_profile_account_info_photo_url,"Member Database Profile: Account Info > Photo Url",member_db.profile.account_info.photo_url,url,member_db_profile_payload,"JSON snapshot in raw_profile",wp_aac_member_db_profiles.raw_profile,Profile,membership,"Primary Membership Term",Membership_Term__c,AAC_External_Key__c,,"WordPress -> Salesforce",Yes,"POST /wp-json/aac-salesforce-sync/v1/membership","Inbound member matching uses wordpress_user_id, aac_external_key, or email.","No default Salesforce field mapping; available in connector for optional mapping."
membership,"Membership Term",member_db_profile_account_info_publication_pref,"Member Database Profile: Account Info > Publication Pref",member_db.profile.account_info.publication_pref,string,member_db_profile_payload,"JSON snapshot in raw_profile",wp_aac_member_db_profiles.raw_profile,Preferences,membership,"Primary Membership Term",Membership_Term__c,AAC_External_Key__c,,"WordPress -> Salesforce",Yes,"POST /wp-json/aac-salesforce-sync/v1/membership","Inbound member matching uses wordpress_user_id, aac_external_key, or email.","No default Salesforce field mapping; available in connector for optional mapping."
membership,"Membership Term",member_db_profile_account_info_size,"Member Database Profile: Account Info > Size",member_db.profile.account_info.size,string,member_db_profile_payload,"JSON snapshot in raw_profile",wp_aac_member_db_profiles.raw_profile,Preferences,membership,"Primary Membership Term",Membership_Term__c,AAC_External_Key__c,,"WordPress -> Salesforce",Yes,"POST /wp-json/aac-salesforce-sync/v1/membership","Inbound member matching uses wordpress_user_id, aac_external_key, or email.","No default Salesforce field mapping; available in connector for optional mapping."
membership,"Membership Term",member_db_profile_account_info_state,"Member Database Profile: Account Info > State",member_db.profile.account_info.state,string,member_db_profile_payload,"JSON snapshot in raw_profile",wp_aac_member_db_profiles.raw_profile,Profile,membership,"Primary Membership Term",Membership_Term__c,AAC_External_Key__c,,"WordPress -> Salesforce",Yes,"POST /wp-json/aac-salesforce-sync/v1/membership","Inbound member matching uses wordpress_user_id, aac_external_key, or email.","No default Salesforce field mapping; available in connector for optional mapping."
membership,"Membership Term",member_db_profile_account_info_street,"Member Database Profile: Account Info > Street",member_db.profile.account_info.street,string,member_db_profile_payload,"JSON snapshot in raw_profile",wp_aac_member_db_profiles.raw_profile,Profile,membership,"Primary Membership Term",Membership_Term__c,AAC_External_Key__c,,"WordPress -> Salesforce",Yes,"POST /wp-json/aac-salesforce-sync/v1/membership","Inbound member matching uses wordpress_user_id, aac_external_key, or email.","No default Salesforce field mapping; available in connector for optional mapping."
membership,"Membership Term",member_db_profile_account_info_zip,"Member Database Profile: Account Info > Zip",member_db.profile.account_info.zip,string,member_db_profile_payload,"JSON snapshot in raw_profile",wp_aac_member_db_profiles.raw_profile,Profile,membership,"Primary Membership Term",Membership_Term__c,AAC_External_Key__c,,"WordPress -> Salesforce",Yes,"POST /wp-json/aac-salesforce-sync/v1/membership","Inbound member matching uses wordpress_user_id, aac_external_key, or email.","No default Salesforce field mapping; available in connector for optional mapping."
membership,"Membership Term",member_db_profile_account_role,"Member Database Profile: Account Role",member_db.profile_row.account_role,string,member_db_profile_row,"Mirror table column",wp_aac_member_db_profiles,Profile,membership,"Primary Membership Term",Membership_Term__c,AAC_External_Key__c,Family_Account_Role__c,"WordPress -> Salesforce",Yes,"POST /wp-json/aac-salesforce-sync/v1/membership","Inbound member matching uses wordpress_user_id, aac_external_key, or email.",
membership,"Membership Term",member_db_profile_benefits_info_medical_amount,"Member Database Profile: Benefits Info > Medical Amount",member_db.profile.benefits_info.medical_amount,decimal,member_db_profile_payload,"JSON snapshot in raw_profile",wp_aac_member_db_profiles.raw_profile,Preferences,membership,"Primary Membership Term",Membership_Term__c,AAC_External_Key__c,Medical_Benefit_Amount__c,"WordPress -> Salesforce",Yes,"POST /wp-json/aac-salesforce-sync/v1/membership","Inbound member matching uses wordpress_user_id, aac_external_key, or email.",
membership,"Membership Term",member_db_profile_benefits_info_mortal_remains_amount,"Member Database Profile: Benefits Info > Mortal Remains Amount",member_db.profile.benefits_info.mortal_remains_amount,decimal,member_db_profile_payload,"JSON snapshot in raw_profile",wp_aac_member_db_profiles.raw_profile,Preferences,membership,"Primary Membership Term",Membership_Term__c,AAC_External_Key__c,Mortal_Remains_Amount__c,"WordPress -> Salesforce",Yes,"POST /wp-json/aac-salesforce-sync/v1/membership","Inbound member matching uses wordpress_user_id, aac_external_key, or email.",
membership,"Membership Term",member_db_profile_benefits_info_rescue_amount,"Member Database Profile: Benefits Info > Rescue Amount",member_db.profile.benefits_info.rescue_amount,decimal,member_db_profile_payload,"JSON snapshot in raw_profile",wp_aac_member_db_profiles.raw_profile,Preferences,membership,"Primary Membership Term",Membership_Term__c,AAC_External_Key__c,Rescue_Benefit_Amount__c,"WordPress -> Salesforce",Yes,"POST /wp-json/aac-salesforce-sync/v1/membership","Inbound member matching uses wordpress_user_id, aac_external_key, or email.",
membership,"Membership Term",member_db_profile_benefits_info_rescue_reimbursement_process,"Member Database Profile: Benefits Info > Rescue Reimbursement Process",member_db.profile.benefits_info.rescue_reimbursement_process,boolean,member_db_profile_payload,"JSON snapshot in raw_profile",wp_aac_member_db_profiles.raw_profile,Preferences,membership,"Primary Membership Term",Membership_Term__c,AAC_External_Key__c,Rescue_Reimbursement_Process__c,"WordPress -> Salesforce",Yes,"POST /wp-json/aac-salesforce-sync/v1/membership","Inbound member matching uses wordpress_user_id, aac_external_key, or email.",
membership,"Membership Term",member_db_profile_display_name,"Member Database Profile: Display Name",member_db.profile_row.display_name,string,member_db_profile_row,"Mirror table column",wp_aac_member_db_profiles,Profile,membership,"Primary Membership Term",Membership_Term__c,AAC_External_Key__c,,"WordPress -> Salesforce",Yes,"POST /wp-json/aac-salesforce-sync/v1/membership","Inbound member matching uses wordpress_user_id, aac_external_key, or email.","No default Salesforce field mapping; available in connector for optional mapping."
membership,"Membership Term",member_db_profile_email,"Member Database Profile: Email",member_db.profile_row.email,email,member_db_profile_row,"Mirror table column",wp_aac_member_db_profiles,Profile,membership,"Primary Membership Term",Membership_Term__c,AAC_External_Key__c,,"WordPress -> Salesforce",Yes,"POST /wp-json/aac-salesforce-sync/v1/membership","Inbound member matching uses wordpress_user_id, aac_external_key, or email.","No default Salesforce field mapping; available in connector for optional mapping."
membership,"Membership Term",member_db_profile_expiration_date,"Member Database Profile: Expiration Date",member_db.profile_row.expiration_date,date,member_db_profile_row,"Mirror table column",wp_aac_member_db_profiles,Profile,membership,"Primary Membership Term",Membership_Term__c,AAC_External_Key__c,End_Date__c,"WordPress -> Salesforce",Yes,"POST /wp-json/aac-salesforce-sync/v1/membership","Inbound member matching uses wordpress_user_id, aac_external_key, or email.",
membership,"Membership Term",member_db_profile_family_membership_additional_adult,"Member Database Profile: Family Membership > Additional Adult",member_db.profile.family_membership.additional_adult,boolean,member_db_profile_payload,"JSON snapshot in raw_profile",wp_aac_member_db_profiles.raw_profile,Preferences,membership,"Primary Membership Term",Membership_Term__c,AAC_External_Key__c,,"WordPress -> Salesforce",Yes,"POST /wp-json/aac-salesforce-sync/v1/membership","Inbound member matching uses wordpress_user_id, aac_external_key, or email.","No default Salesforce field mapping; available in connector for optional mapping."
membership,"Membership Term",member_db_profile_family_membership_dependent_count,"Member Database Profile: Family Membership > Dependent Count",member_db.profile.family_membership.dependent_count,integer,member_db_profile_payload,"JSON snapshot in raw_profile",wp_aac_member_db_profiles.raw_profile,Preferences,membership,"Primary Membership Term",Membership_Term__c,AAC_External_Key__c,,"WordPress -> Salesforce",Yes,"POST /wp-json/aac-salesforce-sync/v1/membership","Inbound member matching uses wordpress_user_id, aac_external_key, or email.","No default Salesforce field mapping; available in connector for optional mapping."
membership,"Membership Term",member_db_profile_family_membership_mode,"Member Database Profile: Family Membership > Mode",member_db.profile.family_membership.mode,string,member_db_profile_payload,"JSON snapshot in raw_profile",wp_aac_member_db_profiles.raw_profile,Preferences,membership,"Primary Membership Term",Membership_Term__c,AAC_External_Key__c,Family_Membership__c,"WordPress -> Salesforce",Yes,"POST /wp-json/aac-salesforce-sync/v1/membership","Inbound member matching uses wordpress_user_id, aac_external_key, or email.",
membership,"Membership Term",member_db_profile_linked_parent_account_name,"Member Database Profile: Linked Parent Account > Name",member_db.profile.linked_parent_account.name,string,member_db_profile_payload,"JSON snapshot in raw_profile",wp_aac_member_db_profiles.raw_profile,Preferences,membership,"Primary Membership Term",Membership_Term__c,AAC_External_Key__c,,"WordPress -> Salesforce",Yes,"POST /wp-json/aac-salesforce-sync/v1/membership","Inbound member matching uses wordpress_user_id, aac_external_key, or email.","No default Salesforce field mapping; available in connector for optional mapping."
membership,"Membership Term",member_db_profile_member_id,"Member Database Profile: Member Id",member_db.profile_row.member_id,string,member_db_profile_row,"Mirror table column",wp_aac_member_db_profiles,Profile,membership,"Primary Membership Term",Membership_Term__c,AAC_External_Key__c,AAC_Member_ID__c,"WordPress -> Salesforce",Yes,"POST /wp-json/aac-salesforce-sync/v1/membership","Inbound member matching uses wordpress_user_id, aac_external_key, or email.",
membership,"Membership Term",member_db_profile_membership_level,"Member Database Profile: Membership Level",member_db.profile_row.membership_level,string,member_db_profile_row,"Mirror table column",wp_aac_member_db_profiles,Profile,membership,"Primary Membership Term",Membership_Term__c,AAC_External_Key__c,Membership_Level__c,"WordPress -> Salesforce",Yes,"POST /wp-json/aac-salesforce-sync/v1/membership","Inbound member matching uses wordpress_user_id, aac_external_key, or email.",
membership,"Membership Term",member_db_profile_membership_status,"Member Database Profile: Membership Status",member_db.profile_row.membership_status,string,member_db_profile_row,"Mirror table column",wp_aac_member_db_profiles,Profile,membership,"Primary Membership Term",Membership_Term__c,AAC_External_Key__c,Status__c,"WordPress -> Salesforce",Yes,"POST /wp-json/aac-salesforce-sync/v1/membership","Inbound member matching uses wordpress_user_id, aac_external_key, or email.",
membership,"Membership Term",member_db_profile_profile_info_joined_date,"Member Database Profile: Profile Info > Joined Date",member_db.profile.profile_info.joined_date,date,member_db_profile_payload,"JSON snapshot in raw_profile",wp_aac_member_db_profiles.raw_profile,Profile,membership,"Primary Membership Term",Membership_Term__c,AAC_External_Key__c,,"WordPress -> Salesforce",Yes,"POST /wp-json/aac-salesforce-sync/v1/membership","Inbound member matching uses wordpress_user_id, aac_external_key, or email.","No default Salesforce field mapping; available in connector for optional mapping."
membership,"Membership Term",member_db_profile_profile_info_member_id,"Member Database Profile: Profile Info > Member Id",member_db.profile.profile_info.member_id,string,member_db_profile_payload,"JSON snapshot in raw_profile",wp_aac_member_db_profiles.raw_profile,Profile,membership,"Primary Membership Term",Membership_Term__c,AAC_External_Key__c,,"WordPress -> Salesforce",Yes,"POST /wp-json/aac-salesforce-sync/v1/membership","Inbound member matching uses wordpress_user_id, aac_external_key, or email.","No default Salesforce field mapping; available in connector for optional mapping."
membership,"Membership Term",member_db_profile_renewal_date,"Member Database Profile: Renewal Date",member_db.profile_row.renewal_date,date,member_db_profile_row,"Mirror table column",wp_aac_member_db_profiles,Profile,membership,"Primary Membership Term",Membership_Term__c,AAC_External_Key__c,Renewal_Date__c,"WordPress -> Salesforce",Yes,"POST /wp-json/aac-salesforce-sync/v1/membership","Inbound member matching uses wordpress_user_id, aac_external_key, or email.",
membership,"Membership Term",member_db_profile_user_id,"Member Database Profile: User Id",member_db.profile_row.user_id,integer,member_db_profile_row,"Mirror table column",wp_aac_member_db_profiles,Profile,membership,"Primary Membership Term",Membership_Term__c,AAC_External_Key__c,WordPress_User_ID__c,"WordPress -> Salesforce",Yes,"POST /wp-json/aac-salesforce-sync/v1/membership","Inbound member matching uses wordpress_user_id, aac_external_key, or email.",
membership,"Membership Term",member_db_subscription_record_billing_amount,"Member Database Subscription Record: Billing Amount",member_db.subscription_record.billing_amount,decimal,member_db_subscription_history,"JSON snapshot in raw_record",wp_aac_member_db_subscriptions.raw_record,Subscriptions,membership,"Primary Membership Term",Membership_Term__c,AAC_External_Key__c,,"WordPress -> Salesforce",Yes,"POST /wp-json/aac-salesforce-sync/v1/membership","Inbound member matching uses wordpress_user_id, aac_external_key, or email.","No default Salesforce field mapping; available in connector for optional mapping."
membership,"Membership Term",member_db_subscription_record_billing_limit,"Member Database Subscription Record: Billing Limit",member_db.subscription_record.billing_limit,integer,member_db_subscription_history,"JSON snapshot in raw_record",wp_aac_member_db_subscriptions.raw_record,Subscriptions,membership,"Primary Membership Term",Membership_Term__c,AAC_External_Key__c,,"WordPress -> Salesforce",Yes,"POST /wp-json/aac-salesforce-sync/v1/membership","Inbound member matching uses wordpress_user_id, aac_external_key, or email.","No default Salesforce field mapping; available in connector for optional mapping."
membership,"Membership Term",member_db_subscription_record_cycle_number,"Member Database Subscription Record: Cycle Number",member_db.subscription_record.cycle_number,integer,member_db_subscription_history,"JSON snapshot in raw_record",wp_aac_member_db_subscriptions.raw_record,Subscriptions,membership,"Primary Membership Term",Membership_Term__c,AAC_External_Key__c,,"WordPress -> Salesforce",Yes,"POST /wp-json/aac-salesforce-sync/v1/membership","Inbound member matching uses wordpress_user_id, aac_external_key, or email.","No default Salesforce field mapping; available in connector for optional mapping."
membership,"Membership Term",member_db_subscription_record_cycle_period,"Member Database Subscription Record: Cycle Period",member_db.subscription_record.cycle_period,string,member_db_subscription_history,"JSON snapshot in raw_record",wp_aac_member_db_subscriptions.raw_record,Subscriptions,membership,"Primary Membership Term",Membership_Term__c,AAC_External_Key__c,,"WordPress -> Salesforce",Yes,"POST /wp-json/aac-salesforce-sync/v1/membership","Inbound member matching uses wordpress_user_id, aac_external_key, or email.","No default Salesforce field mapping; available in connector for optional mapping."
membership,"Membership Term",member_db_subscription_record_enddate,"Member Database Subscription Record: Enddate",member_db.subscription_record.enddate,datetime,member_db_subscription_history,"JSON snapshot in raw_record",wp_aac_member_db_subscriptions.raw_record,Subscriptions,membership,"Primary Membership Term",Membership_Term__c,AAC_External_Key__c,,"WordPress -> Salesforce",Yes,"POST /wp-json/aac-salesforce-sync/v1/membership","Inbound member matching uses wordpress_user_id, aac_external_key, or email.","No default Salesforce field mapping; available in connector for optional mapping."
membership,"Membership Term",member_db_subscription_record_gateway,"Member Database Subscription Record: Gateway",member_db.subscription_record.gateway,string,member_db_subscription_history,"JSON snapshot in raw_record",wp_aac_member_db_subscriptions.raw_record,Subscriptions,membership,"Primary Membership Term",Membership_Term__c,AAC_External_Key__c,,"WordPress -> Salesforce",Yes,"POST /wp-json/aac-salesforce-sync/v1/membership","Inbound member matching uses wordpress_user_id, aac_external_key, or email.","No default Salesforce field mapping; available in connector for optional mapping."
membership,"Membership Term",member_db_subscription_record_gateway_environment,"Member Database Subscription Record: Gateway Environment",member_db.subscription_record.gateway_environment,string,member_db_subscription_history,"JSON snapshot in raw_record",wp_aac_member_db_subscriptions.raw_record,Subscriptions,membership,"Primary Membership Term",Membership_Term__c,AAC_External_Key__c,,"WordPress -> Salesforce",Yes,"POST /wp-json/aac-salesforce-sync/v1/membership","Inbound member matching uses wordpress_user_id, aac_external_key, or email.","No default Salesforce field mapping; available in connector for optional mapping."
membership,"Membership Term",member_db_subscription_record_id,"Member Database Subscription Record: Id",member_db.subscription_record.id,integer,member_db_subscription_history,"JSON snapshot in raw_record",wp_aac_member_db_subscriptions.raw_record,Subscriptions,membership,"Primary Membership Term",Membership_Term__c,AAC_External_Key__c,,"WordPress -> Salesforce",Yes,"POST /wp-json/aac-salesforce-sync/v1/membership","Inbound member matching uses wordpress_user_id, aac_external_key, or email.","No default Salesforce field mapping; available in connector for optional mapping."
membership,"Membership Term",member_db_subscription_record_membership_id,"Member Database Subscription Record: Membership Id",member_db.subscription_record.membership_id,integer,member_db_subscription_history,"JSON snapshot in raw_record",wp_aac_member_db_subscriptions.raw_record,Subscriptions,membership,"Primary Membership Term",Membership_Term__c,AAC_External_Key__c,,"WordPress -> Salesforce",Yes,"POST /wp-json/aac-salesforce-sync/v1/membership","Inbound member matching uses wordpress_user_id, aac_external_key, or email.","No default Salesforce field mapping; available in connector for optional mapping."
membership,"Membership Term",member_db_subscription_record_modified,"Member Database Subscription Record: Modified",member_db.subscription_record.modified,datetime,member_db_subscription_history,"JSON snapshot in raw_record",wp_aac_member_db_subscriptions.raw_record,Subscriptions,membership,"Primary Membership Term",Membership_Term__c,AAC_External_Key__c,,"WordPress -> Salesforce",Yes,"POST /wp-json/aac-salesforce-sync/v1/membership","Inbound member matching uses wordpress_user_id, aac_external_key, or email.","No default Salesforce field mapping; available in connector for optional mapping."
membership,"Membership Term",member_db_subscription_record_next_payment_date,"Member Database Subscription Record: Next Payment Date",member_db.subscription_record.next_payment_date,datetime,member_db_subscription_history,"JSON snapshot in raw_record",wp_aac_member_db_subscriptions.raw_record,Subscriptions,membership,"Primary Membership Term",Membership_Term__c,AAC_External_Key__c,,"WordPress -> Salesforce",Yes,"POST /wp-json/aac-salesforce-sync/v1/membership","Inbound member matching uses wordpress_user_id, aac_external_key, or email.","No default Salesforce field mapping; available in connector for optional mapping."
membership,"Membership Term",member_db_subscription_record_startdate,"Member Database Subscription Record: Startdate",member_db.subscription_record.startdate,datetime,member_db_subscription_history,"JSON snapshot in raw_record",wp_aac_member_db_subscriptions.raw_record,Subscriptions,membership,"Primary Membership Term",Membership_Term__c,AAC_External_Key__c,,"WordPress -> Salesforce",Yes,"POST /wp-json/aac-salesforce-sync/v1/membership","Inbound member matching uses wordpress_user_id, aac_external_key, or email.","No default Salesforce field mapping; available in connector for optional mapping."
membership,"Membership Term",member_db_subscription_record_status,"Member Database Subscription Record: Status",member_db.subscription_record.status,string,member_db_subscription_history,"JSON snapshot in raw_record",wp_aac_member_db_subscriptions.raw_record,Subscriptions,membership,"Primary Membership Term",Membership_Term__c,AAC_External_Key__c,,"WordPress -> Salesforce",Yes,"POST /wp-json/aac-salesforce-sync/v1/membership","Inbound member matching uses wordpress_user_id, aac_external_key, or email.","No default Salesforce field mapping; available in connector for optional mapping."
membership,"Membership Term",member_db_subscription_record_subscription_transaction_id,"Member Database Subscription Record: Subscription Transaction Id",member_db.subscription_record.subscription_transaction_id,string,member_db_subscription_history,"JSON snapshot in raw_record",wp_aac_member_db_subscriptions.raw_record,Subscriptions,membership,"Primary Membership Term",Membership_Term__c,AAC_External_Key__c,,"WordPress -> Salesforce",Yes,"POST /wp-json/aac-salesforce-sync/v1/membership","Inbound member matching uses wordpress_user_id, aac_external_key, or email.","No default Salesforce field mapping; available in connector for optional mapping."
membership,"Membership Term",member_db_subscription_record_trial_amount,"Member Database Subscription Record: Trial Amount",member_db.subscription_record.trial_amount,decimal,member_db_subscription_history,"JSON snapshot in raw_record",wp_aac_member_db_subscriptions.raw_record,Subscriptions,membership,"Primary Membership Term",Membership_Term__c,AAC_External_Key__c,,"WordPress -> Salesforce",Yes,"POST /wp-json/aac-salesforce-sync/v1/membership","Inbound member matching uses wordpress_user_id, aac_external_key, or email.","No default Salesforce field mapping; available in connector for optional mapping."
membership,"Membership Term",member_db_subscription_record_trial_limit,"Member Database Subscription Record: Trial Limit",member_db.subscription_record.trial_limit,integer,member_db_subscription_history,"JSON snapshot in raw_record",wp_aac_member_db_subscriptions.raw_record,Subscriptions,membership,"Primary Membership Term",Membership_Term__c,AAC_External_Key__c,,"WordPress -> Salesforce",Yes,"POST /wp-json/aac-salesforce-sync/v1/membership","Inbound member matching uses wordpress_user_id, aac_external_key, or email.","No default Salesforce field mapping; available in connector for optional mapping."
transaction,Transaction,member_db_transaction_record_code,"Member Database Transaction Record: Code",member_db.transaction_record.code,string,member_db_transaction_payload,"JSON snapshot in raw_record",wp_aac_member_db_transactions.raw_record,Transactions,transaction,"Primary Transaction",Payment_Transaction__c,PMPro_Order_ID__c,Code__c,"WordPress -> Salesforce",No,,,
transaction,Transaction,member_db_transaction_record_gateway,"Member Database Transaction Record: Gateway",member_db.transaction_record.gateway,string,member_db_transaction_payload,"JSON snapshot in raw_record",wp_aac_member_db_transactions.raw_record,Transactions,transaction,"Primary Transaction",Payment_Transaction__c,PMPro_Order_ID__c,Gateway__c,"WordPress -> Salesforce",No,,,
transaction,Transaction,member_db_transaction_record_gateway_environment,"Member Database Transaction Record: Gateway Environment",member_db.transaction_record.gateway_environment,string,member_db_transaction_payload,"JSON snapshot in raw_record",wp_aac_member_db_transactions.raw_record,Transactions,transaction,"Primary Transaction",Payment_Transaction__c,PMPro_Order_ID__c,,"WordPress -> Salesforce",No,,,"No default Salesforce field mapping; available in connector for optional mapping."
transaction,Transaction,member_db_transaction_record_id,"Member Database Transaction Record: Id",member_db.transaction_record.id,integer,member_db_transaction_payload,"JSON snapshot in raw_record",wp_aac_member_db_transactions.raw_record,Transactions,transaction,"Primary Transaction",Payment_Transaction__c,PMPro_Order_ID__c,PMPro_Order_ID__c,"WordPress -> Salesforce",No,,,
transaction,Transaction,member_db_transaction_record_membership_id,"Member Database Transaction Record: Membership Id",member_db.transaction_record.membership_id,integer,member_db_transaction_payload,"JSON snapshot in raw_record",wp_aac_member_db_transactions.raw_record,Transactions,transaction,"Primary Transaction",Payment_Transaction__c,PMPro_Order_ID__c,PMPro_Level_ID__c,"WordPress -> Salesforce",No,,,
transaction,Transaction,member_db_transaction_record_notes,"Member Database Transaction Record: Notes",member_db.transaction_record.notes,string,member_db_transaction_payload,"JSON snapshot in raw_record",wp_aac_member_db_transactions.raw_record,Transactions,transaction,"Primary Transaction",Payment_Transaction__c,PMPro_Order_ID__c,,"WordPress -> Salesforce",No,,,"No default Salesforce field mapping; available in connector for optional mapping."
transaction,Transaction,member_db_transaction_record_payment_transaction_id,"Member Database Transaction Record: Payment Transaction Id",member_db.transaction_record.payment_transaction_id,string,member_db_transaction_payload,"JSON snapshot in raw_record",wp_aac_member_db_transactions.raw_record,Transactions,transaction,"Primary Transaction",Payment_Transaction__c,PMPro_Order_ID__c,Payment_Transaction_ID__c,"WordPress -> Salesforce",No,,,
transaction,Transaction,member_db_transaction_record_payment_type,"Member Database Transaction Record: Payment Type",member_db.transaction_record.payment_type,string,member_db_transaction_payload,"JSON snapshot in raw_record",wp_aac_member_db_transactions.raw_record,Transactions,transaction,"Primary Transaction",Payment_Transaction__c,PMPro_Order_ID__c,,"WordPress -> Salesforce",No,,,"No default Salesforce field mapping; available in connector for optional mapping."
transaction,Transaction,member_db_transaction_record_status,"Member Database Transaction Record: Status",member_db.transaction_record.status,string,member_db_transaction_payload,"JSON snapshot in raw_record",wp_aac_member_db_transactions.raw_record,Transactions,transaction,"Primary Transaction",Payment_Transaction__c,PMPro_Order_ID__c,,"WordPress -> Salesforce",No,,,"No default Salesforce field mapping; available in connector for optional mapping."
transaction,Transaction,member_db_transaction_record_subscription_transaction_id,"Member Database Transaction Record: Subscription Transaction Id",member_db.transaction_record.subscription_transaction_id,string,member_db_transaction_payload,"JSON snapshot in raw_record",wp_aac_member_db_transactions.raw_record,Transactions,transaction,"Primary Transaction",Payment_Transaction__c,PMPro_Order_ID__c,Subscription_Transaction_ID__c,"WordPress -> Salesforce",No,,,
transaction,Transaction,member_db_transaction_record_subtotal,"Member Database Transaction Record: Subtotal",member_db.transaction_record.subtotal,decimal,member_db_transaction_payload,"JSON snapshot in raw_record",wp_aac_member_db_transactions.raw_record,Transactions,transaction,"Primary Transaction",Payment_Transaction__c,PMPro_Order_ID__c,,"WordPress -> Salesforce",No,,,"No default Salesforce field mapping; available in connector for optional mapping."
transaction,Transaction,member_db_transaction_record_tax,"Member Database Transaction Record: Tax",member_db.transaction_record.tax,decimal,member_db_transaction_payload,"JSON snapshot in raw_record",wp_aac_member_db_transactions.raw_record,Transactions,transaction,"Primary Transaction",Payment_Transaction__c,PMPro_Order_ID__c,,"WordPress -> Salesforce",No,,,"No default Salesforce field mapping; available in connector for optional mapping."
transaction,Transaction,member_db_transaction_record_timestamp,"Member Database Transaction Record: Timestamp",member_db.transaction_record.timestamp,datetime,member_db_transaction_payload,"JSON snapshot in raw_record",wp_aac_member_db_transactions.raw_record,Transactions,transaction,"Primary Transaction",Payment_Transaction__c,PMPro_Order_ID__c,Transaction_Date__c,"WordPress -> Salesforce",No,,,
transaction,Transaction,member_db_transaction_record_total,"Member Database Transaction Record: Total",member_db.transaction_record.total,decimal,member_db_transaction_payload,"JSON snapshot in raw_record",wp_aac_member_db_transactions.raw_record,Transactions,transaction,"Primary Transaction",Payment_Transaction__c,PMPro_Order_ID__c,Amount__c,"WordPress -> Salesforce",No,,,
transaction,Transaction,member_db_transaction_record_user_id,"Member Database Transaction Record: User Id",member_db.transaction_record.user_id,integer,member_db_transaction_payload,"JSON snapshot in raw_record",wp_aac_member_db_transactions.raw_record,Transactions,transaction,"Primary Transaction",Payment_Transaction__c,PMPro_Order_ID__c,WordPress_User_ID__c,"WordPress -> Salesforce",No,,,
transaction,Transaction,member_db_transaction_row_source_date,"Member Database Transaction Row: Source Date",member_db.transaction_row.source_date,datetime,member_db_transaction_row,"Mirror table column",wp_aac_member_db_transactions,Transactions,transaction,"Primary Transaction",Payment_Transaction__c,PMPro_Order_ID__c,,"WordPress -> Salesforce",No,,,"No default Salesforce field mapping; available in connector for optional mapping."
transaction,Transaction,member_db_transaction_row_source_record_id,"Member Database Transaction Row: Source Record Id",member_db.transaction_row.source_record_id,integer,member_db_transaction_row,"Mirror table column",wp_aac_member_db_transactions,Transactions,transaction,"Primary Transaction",Payment_Transaction__c,PMPro_Order_ID__c,,"WordPress -> Salesforce",No,,,"No default Salesforce field mapping; available in connector for optional mapping."
transaction,Transaction,member_db_transaction_row_source_status,"Member Database Transaction Row: Source Status",member_db.transaction_row.source_status,string,member_db_transaction_row,"Mirror table column",wp_aac_member_db_transactions,Transactions,transaction,"Primary Transaction",Payment_Transaction__c,PMPro_Order_ID__c,Status__c,"WordPress -> Salesforce",No,,,
grant,Grant,grant_application_aac_member_id,"Grant Application: AAC Member ID",grant.application.aac_member_id,string,grants_review_application,"Reviewer application row","AAC Grants Review application repository","Grant Applications",grant,"Primary Grant Application",Grant_Application__c,Grant_Review_Application_ID__c,Grant_AAC_Member_ID__c,"WordPress -> Salesforce",No,,"Grant outbound sync can link the grant object back to Contact via Contact lookup fallback logic.",
grant,Grant,grant_application_applicant_email,"Grant Application: Applicant Email",grant.application.applicant_email,email,grants_review_application,"Reviewer application row","AAC Grants Review application repository","Grant Applications",grant,"Primary Grant Application",Grant_Application__c,Grant_Review_Application_ID__c,Grant_Applicant_Email__c,"WordPress -> Salesforce",No,,"Grant outbound sync can link the grant object back to Contact via Contact lookup fallback logic.",
grant,Grant,grant_application_applicant_name,"Grant Application: Applicant Name",grant.application.applicant_name,string,grants_review_application,"Reviewer application row","AAC Grants Review application repository","Grant Applications",grant,"Primary Grant Application",Grant_Application__c,Grant_Review_Application_ID__c,Grant_Applicant_Name__c,"WordPress -> Salesforce",No,,"Grant outbound sync can link the grant object back to Contact via Contact lookup fallback logic.",
grant,Grant,grant_application_applicant_user_id,"Grant Application: WordPress User ID",grant.application.applicant_user_id,integer,grants_review_application,"Reviewer application row","AAC Grants Review application repository","Grant Applications",grant,"Primary Grant Application",Grant_Application__c,Grant_Review_Application_ID__c,Grant_WordPress_User_ID__c,"WordPress -> Salesforce",No,,"Grant outbound sync can link the grant object back to Contact via Contact lookup fallback logic.",
grant,Grant,grant_application_application_date,"Grant Application: Submitted Date",grant.application.application_date,datetime,grants_review_application,"Reviewer application row","AAC Grants Review application repository","Grant Applications",grant,"Primary Grant Application",Grant_Application__c,Grant_Review_Application_ID__c,Grant_Submitted_Date__c,"WordPress -> Salesforce",No,,"Grant outbound sync can link the grant object back to Contact via Contact lookup fallback logic.",
grant,Grant,grant_application_category,"Grant Application: Category",grant.application.category,string,grants_review_application,"Reviewer application row","AAC Grants Review application repository","Grant Applications",grant,"Primary Grant Application",Grant_Application__c,Grant_Review_Application_ID__c,,"WordPress -> Salesforce",No,,"Grant outbound sync can link the grant object back to Contact via Contact lookup fallback logic.","No default Salesforce field mapping; available in connector for optional mapping."
grant,Grant,grant_application_grant_name,"Grant Application: Grant Name",grant.application.grant_name,string,grants_review_application,"Reviewer application row","AAC Grants Review application repository","Grant Applications",grant,"Primary Grant Application",Grant_Application__c,Grant_Review_Application_ID__c,Grant_Name__c,"WordPress -> Salesforce",No,,"Grant outbound sync can link the grant object back to Contact via Contact lookup fallback logic.",
grant,Grant,grant_application_grant_slug,"Grant Application: Grant Slug",grant.application.grant_slug,string,grants_review_application,"Reviewer application row","AAC Grants Review application repository","Grant Applications",grant,"Primary Grant Application",Grant_Application__c,Grant_Review_Application_ID__c,,"WordPress -> Salesforce",No,,"Grant outbound sync can link the grant object back to Contact via Contact lookup fallback logic.","No default Salesforce field mapping; available in connector for optional mapping."
grant,Grant,grant_application_last_note,"Grant Application: Last Reviewer Note",grant.application.last_note,string,grants_review_application,"Reviewer application row","AAC Grants Review application repository","Grant Applications",grant,"Primary Grant Application",Grant_Application__c,Grant_Review_Application_ID__c,,"WordPress -> Salesforce",No,,"Grant outbound sync can link the grant object back to Contact via Contact lookup fallback logic.","No default Salesforce field mapping; available in connector for optional mapping."
grant,Grant,grant_application_project_title,"Grant Application: Project Title",grant.application.project_title,string,grants_review_application,"Reviewer application row","AAC Grants Review application repository","Grant Applications",grant,"Primary Grant Application",Grant_Application__c,Grant_Review_Application_ID__c,Grant_Project_Title__c,"WordPress -> Salesforce",No,,"Grant outbound sync can link the grant object back to Contact via Contact lookup fallback logic.",
grant,Grant,grant_application_requested_amount,"Grant Application: Requested Amount",grant.application.requested_amount,decimal,grants_review_application,"Reviewer application row","AAC Grants Review application repository","Grant Applications",grant,"Primary Grant Application",Grant_Application__c,Grant_Review_Application_ID__c,Grant_Requested_Amount__c,"WordPress -> Salesforce",No,,"Grant outbound sync can link the grant object back to Contact via Contact lookup fallback logic.",
grant,Grant,grant_application_review_application_id,"Grant Application: Review Application ID",grant.application.review_application_id,integer,grants_review_application,"Reviewer application row","AAC Grants Review application repository","Grant Applications",grant,"Primary Grant Application",Grant_Application__c,Grant_Review_Application_ID__c,Grant_Review_Application_ID__c,"WordPress -> Salesforce",No,,"Grant outbound sync can link the grant object back to Contact via Contact lookup fallback logic.",
grant,Grant,grant_application_reviewed_at,"Grant Application: Reviewed At",grant.application.reviewed_at,datetime,grants_review_application,"Reviewer application row","AAC Grants Review application repository","Grant Applications",grant,"Primary Grant Application",Grant_Application__c,Grant_Review_Application_ID__c,Grant_Reviewed_At__c,"WordPress -> Salesforce",No,,"Grant outbound sync can link the grant object back to Contact via Contact lookup fallback logic.",
grant,Grant,grant_application_source,"Grant Application: Source",grant.application.source,string,grants_review_application,"Reviewer application row","AAC Grants Review application repository","Grant Applications",grant,"Primary Grant Application",Grant_Application__c,Grant_Review_Application_ID__c,,"WordPress -> Salesforce",No,,"Grant outbound sync can link the grant object back to Contact via Contact lookup fallback logic.","No default Salesforce field mapping; available in connector for optional mapping."
grant,Grant,grant_application_source_entry_id,"Grant Application: Source Entry ID",grant.application.source_entry_id,integer,grants_review_application,"Reviewer application row","AAC Grants Review application repository","Grant Applications",grant,"Primary Grant Application",Grant_Application__c,Grant_Review_Application_ID__c,,"WordPress -> Salesforce",No,,"Grant outbound sync can link the grant object back to Contact via Contact lookup fallback logic.","No default Salesforce field mapping; available in connector for optional mapping."
grant,Grant,grant_application_source_form_id,"Grant Application: Source Form ID",grant.application.source_form_id,integer,grants_review_application,"Reviewer application row","AAC Grants Review application repository","Grant Applications",grant,"Primary Grant Application",Grant_Application__c,Grant_Review_Application_ID__c,,"WordPress -> Salesforce",No,,"Grant outbound sync can link the grant object back to Contact via Contact lookup fallback logic.","No default Salesforce field mapping; available in connector for optional mapping."
grant,Grant,grant_application_status,"Grant Application: Workflow Status",grant.application.status,string,grants_review_application,"Reviewer application row","AAC Grants Review application repository","Grant Applications",grant,"Primary Grant Application",Grant_Application__c,Grant_Review_Application_ID__c,Grant_Status__c,"WordPress -> Salesforce",No,,"Grant outbound sync can link the grant object back to Contact via Contact lookup fallback logic.",
grant,Grant,grant_application_status_key,"Grant Application: Workflow Status Key",grant.application.status_key,string,grants_review_application,"Reviewer application row","AAC Grants Review application repository","Grant Applications",grant,"Primary Grant Application",Grant_Application__c,Grant_Review_Application_ID__c,,"WordPress -> Salesforce",No,,"Grant outbound sync can link the grant object back to Contact via Contact lookup fallback logic.","No default Salesforce field mapping; available in connector for optional mapping."
